가다랑어,가다랑어포,가리비,가리비살,가시복,가자미,가지,가지열매,가츠오부시,간고등어,간장,갈매기살
갈치,감,감귤,감열매,감자,감초,갑오징어,갓,강낭콩,강아지풀,강황,개복숭아
개불,개암,개암견과,거위,김,건조김,건조사과,건조자몽,건조캐모마일,건조캐모마일꽃,건조히비스커스,건포도
검정콩,겨자 소스,결명자,결명자열매,계피,고구마,고니,고들빼기,고등어,고라니,고사리,고사리어린순
고수,고수잎,고추,고추어린잎,고추열매,골드키위,골뱅이,골파,곰치,곶감,과메기,관자
광귤나무꽃,구기자,구기자나무,구기자나무열매,구기자나무잎,구운김,구운꽁치,구운밤,구절초,구절초잎,국화,국화꽃
굴,굴비,귀리,귀리씨,귤꽃,그린 망고,그린콩씨,금귤,금낭화,금잔화,금잔화꽃,기러기
기장,기장씨,깻잎,꼬리,꼬막,꽁치,꽃게,꽃등심,꽃사과,꽃사과열매,꽃상추,꽃상추잎
꽃양배추,꽃양배추꽃,꽈리 고추,꿩고기,곱창,꿀풀,곰피,나무딸기,나무딸기열매,낙지,남천열매,남천잎
낫토,냉이,냉이뿌리,냉이어린잎,넙치,네트멜론,년어,녹각,녹두,녹두씨,녹용,녹차가루
농어,누에,누에번데기,느타리버섯,능소화,능이버섯,다래,다슬기,다시마,단감,단풍나무,단호박
단호박씨,단호박열매,달걀,달래,달리아,닭 가슴살,닭 날개,닭 모래주머니,닭 봉,닭 안심살,닭고기,닭새우
닭의장풀,담배,당귀,당근,당근뿌리,당근잎,당면,대게,대구,대나무줄기,대두,대창
대추,대하,대합,더덕,더덕뿌리,덩굴장미,도라지,도라지뿌리,돌나물,돌나물어린순,돌돔,동백나무
돼지 갈비,돼지 갈비살,돼지 대창,돼지 등심,돼지 막창,돼지 소창,돼지 족발,돼지 토시살,돼지고기,된장,두릅,두릅어린순
두리안,두리안열매,두부,두충,둥굴레,둥근마덩이뿌리,들국화,들깨씨,등갈비살,등나무,등심초,딸기열매
딸기주스,땅콩,땅콩견과,라벤더,라임,라임열매,라즈베리,라즈베리열매,람부탄과육,래디시,레몬,레몬과육
레몬열매,렌즈콩씨,렌틸콩,로즈마리,로즈마리어린순,루피너스,리코타,마,마늘,마늘잎,마늘종,마시멜로
마요네즈,마타리,마황,망고,망고스틴,망고스틴열매,매생이,매실,매화꽃,맥문동,머루,머스크멜론
머스크멜론열매,멀구슬나무,멍게,메기,메뚜기,메밀,메밀꽃,메주,메주콩,메추리알,멧돼지,멸균한 우유
멸치,명란,명태,모과,모과나무열매,모란꽃잎,모시조개,모짜렐라,목련꽃잎,목향,목화씨,무
무궁화,무말랭이,무순,무청,무화과,무화과열매,문어,물개,물미역,미나리,미더덕,미역
미역귀,민트,밀,밀가루,밑만가닥버섯,바나나,바이올렛,바지락,바질,람부탄 과육,람부탄 열매,박새
박주가리,반묘,밤,밤고구마,밤나무열매,밤콩,방울다다기양배추,배,배과육,배나무열매,배초향,배추
배추잎,백단향,백도열매,백두구,백두구열매,백부자,백선,백포도주,뱀딸기열매,백태,버진 올리브 오일,버터
벌개미취어린순,벌깨덩굴어린순,벌꿀,범부채,범부채뿌리줄기,버찌,버찌열매,벚나무꽃,벚나무열매,벚나무잎,베고니아꽃,베니하루카 고구마
베르가모트민트잎,별꽃,병어,보름달물해파리,보리,보리수나무열매,보리씨,복령,복분자딸기,복분자딸기열매,복수초,복숭아
복숭아과육,복숭아나무꽃,복어,볶은결명자,볶은캐슈,볶은커피원두,볶은호두,본갈비,부들,부채살,부추,부추잎
부평초,북방산 개구리,북어,분꽃,불가사리,붕어,붕장어,브라질넛,브로콜리,브로콜리꽃봉오리,브리,블루베리
비단벌레,비둘기,비자나무,비트,빙어,빨간 고추,뽕나무,뽕나무겨우살이잎,뽕나무열매,뿔소라,사골,사과
사과껍질,사과열매,사슴,사슴고기,사슴뿔,사시나무,사프란암술머리,사프란암술머리추출물,산달래어린식물,산돌배나무열매,산둥굴레잎,산마
산사나무,산사나무잎,산수유,산수유열매,산약뿌리줄기,살구,살구나무꽃,살구나무씨,살구나무열매,살라미,살벤자리,살치살
삼겹살,삼색제비꽃,삼세기,근대,삿갓나물,상수리나무견과,상추,상추잎,상치,상황버섯,새꼬막,새송이버섯
새조개,샐러리,샐비어,생강,생강나무,생강뿌리,생크림,샤프란,샴페인,서대,서리태,서양민들레
서양민들레어린잎,서양민들레잎,서양배,석류,석류나무열매,석잠풀어린잎,선지,설탕,성게,성게알,세이지,셀러리
셀러리잎,소 간,소 갈비살,소 꼬리,소 안심,소 토시살,소고기,소금,소나무껍질,소나무뿌리,소나무순,소라
소시지,소철,소철씨,속단,손바닥선인장,손바닥선인장열매,손바닥선인장줄기,솔잣나무,솔잣나무견과,솜다리어린순,송사리,송어
송이,송이버섯,송화,쇠뜨기,쇠뜨기잎,쇠미역,쇠비름,쇠비름순,수국,수국잎,수닭,수련
수련땅속줄기,수박,수박열매,수박주스,수세미,수세미오이어린열매,수수,수수씨,수양버들,숙주나물,순두부,순무
순무양배추,숭어,스위티,스타프루트,스타후르츠,스타후르츠열매,시계꽃,시금치,시금치잎,시나몬,시나몬나무껍질,시래기
시사모,식용누에번데기,식용달팽이,신선 참마,신선바나나,신선토마토,신선한 표고버섯,실버베리열매,실파,쌀,쌈장,쏘가리
쏠배감펭,쑥갓,쑥갓잎,쑥부쟁이,쑥부쟁이어린잎,씀바귀,씀바귀잎,아기양배추잎,아라비안자스민꽃,아로니아열매,아마,아몬드
"아몬드/아몬드,쓴종류",아몬드견과,아몬드외피,아보카도,아보카도열매,아삭이 고추,아스파라거스,아스파라거스어린순,아오리사과,아카시아,아카시아나무꽃,안식향
안심살,안창살,암닭,애기괭이밥어린순,애기나리어린잎,애기똥풀,애기원추리어린순,애플망고,애플민트,애호박,앵두,앵두나무열매
앵초어린싹,야생딸기,야자나무,야콘어린잎,양고기,양귀비,양귀비전초,양배추,양상추,양상추잎,양송이버섯,양쥐돔
양파,얘로,어묵,얼레지,엄나무,업진살,엉겅퀴,에뮤,엠보르그 브리,엠보르그 카망베르,연,연근
연꽃,연두부,연맥,연어,연잎,열무,염소,영지버섯,오갈피,오갈피나무줄기,오골계,오디
오렌지,오리고기,오미자,오미자열매,오소리,오약,오이,오이열매,오이풀,오징어,옥돔,옥수수
옥수수씨,올리브,올리브 오일,올리브나무열매,올리브유,와인,완두,완두콩,왕게,요구르트,용과,용담(줄기제외)
용담뿌리,우거지,우엉,우유,울금,원추리,원추리꽃봉오리,원추리어린잎,월계수잎,월넛,유자,유자열매
유제품,유채,유칼립투스,유칼립투스 잎,육두구,육두구씨,육포,윤판나물어린순,율무,율무씨,은방울꽃,은행
은행나무견과,은행나무잎,은행열매,인삼뿌리,인삼열매,잉어,자귀나무꽃,자두,자두나무열매,자두핵,자란,자리공
자리돔,자몽,자몽과육,자몽열매,자몽주스,자운영,자주감자,자주루드베키아,작두콩,작약,잔멸치,잣
잣나무,잣나무견과,잣나무씨앗,잣나무잎,자작나무,장어,재스민,재스민꽃,재첩,저온 살균한 우유,적상추,적양배추
적작약,적포도주,전갈,전복,전어,접시꽃,젓새우,정어리,제라늄,제라니움,"제라니움,로즈",제비꽃
제비추리,조,조구등,조기,조생,조씨,졸복,좁쌀,주꾸미,주름잎,주목,주목열매
죽순,중국계피,중국당귀,중국밤,중국부추,중국젓새우,중력분,중하,쥐눈이콩,쥐치,쥐포,지모
지칭개,지칭개어린순,진달래,진달래꽃,진피,질경이,집게,집오리,쪽파,쭈꾸미,찔레,찔레꽃어린순
차돌박이,차조,참기름,참깨,참깨씨,참깨잎,참나리꽃잎,참나무,참나무열매,참나물잎,참느릅나무,참느릅나무잎
참다슬기,참당귀,참돔,참마뿌리,참문어,참빗살나무어린잎,참외,참외열매,참조기,참취어린잎,참치,참홍어
창포,채끝살,천궁,천도복숭아,천도복숭아열매,천마,천마뿌리,천일염,천일홍,철갑둥어,철갑상어,청각
청경채,청국장,청매,청보리,청포도,체리,초고온 순간 살균한 우유,초고추장,초롱꽃어린순,총각무,측백나무,측백나무가지
측백나무씨,측백나무잎,앞치마살,치마살,치즈,치커리,칡,칡넝쿨,칡잎,카네이션꽃,카람볼라,카레
카망베르,카사바 멜론,카카오,칸탈루포 멜론,멜론,캐모마일,캐모마일꽃,캐슈견과,캐슈넛,캥거루고기,커피나무과육,커피농축액
커피빈추출물,커피추출액,케일,케일잎,코다리,코코넛,코코넛 밀크,코코넛 우유,코코아주스,코코아파우더,콜라비,콜라비비대경
콜리플라워,콩,콩나물,콩잎,퀴노아,퀴노아씨앗,크랜베리,크림,크림치즈,큰괭이밥어린순,큰느타리버섯,큰앵초어린잎
클로버,키위,키위씨,키위열매,키조개,킹크랩,타조,타조고기,탱자,털게,테프,토끼
토끼풀잎,토란,토란뿌리줄기,토란잎,토란줄기,토마토,토마토열매,톳,톳나물,투구꽃,파,파래
파슬리,파인애플,파인애플열매,파파야,파프리카,팔랑개비국화(수레국화),팔랑개비국화꽃잎,팥,패랭이꽃,팥씨,팬지 꽃,팽이버섯
페퍼민트잎,포도,포도열매,포멜로,포멜로열매,퐁듀치즈,표고버섯,표주박,풋고추,풋콩,피망,피망열매
피스타치오,피조개,피칸,피칸견과,하늘나리비늘줄기,하늘말나리어린순,하바네로열매,하수오,한라봉,한라봉열매,할라페뇨,할라피뇨
항정살,해국어린잎,해바라기꽃,해바라기꽃잎,해삼,헛개,헤이즐넛,현미,호두,호두나무견과,호리박병,호리병박열매
호박,호박꽃,호박씨,호박잎,홍당무,홍삼,홍시,홍어,홍합,홍화(잇꽃),홍화씨,황기
황기뿌리,황도,황소개구리,황태,회색기러기,후추,후추열매,휘핑크림,흑미,흰강낭콩,흰강낭콩열매,흰민들레
흰콩,히비스커스,히비스커스꽃,히비스커스꽃잎,히아신스꽃,12개월 이상 양고기,Celandine,Echinacea,FRESH PEPPER,FRESH RED JALAPENO PEPPERS,Filbert씨,Heather꽃
JALAPENO PEPPERS,Mungbean씨,Quince열매,Rose hips열매,뀅귀나,가는금불초,가는대나물,가는대눈물버섯,가는등갈퀴,가는쑥부쟁이,가는이랑새조개,가는잎개별꽃어린잎
가라나,가라지,가락지나물어린순,가랑갈,가래나무수액,가래상어,가르반소스 페드로시야노,가르시니아캄보지아열매껍질,가르시니아캄보지아추출물분말,가리맛조개,가리비분말,가리비추출물
가막사리,가무락조개,가물치,가물치분말,가숭어,가시갯가재,가시걸장어,가시달강어,가시리,가시말불버섯어린자실체,가시망둑,가시발새우
가시배새우,가시복내장,가시복분자딸기열매,가시복알,가시실붉돔,가시엉겅퀴어린순,가시여지,가시연꽃추출물,가시오갈피,가시자주새우,가시줄상어,가시투성어리새우
가시투성왕게,가시파래,가야단풍취어린순,가이민대구,가이양,가이양내장,가자,가재,가재살,가재추출물,가죽나무나무껍질,가죽나무어린잎
가죽나물,가지금불초어린잎,가지껍질,가지꼭두서니어린잎,가지버섯,가지분말,가프롱,각시가자미,각시개서실,각시괴불나무열매,각시돔,각시둥굴레줄기
각시마뿌리줄기,각시붕어,각시서덜취어린순,각시원추리잎,각시투구꽃,각시흰새우,갈가자미,갈고등어,갈돔,갈랑갈,갈랑갈뿌리,갈래곰보
갈래곰보분말,갈리오뽀,갈매기조개,갈매나무,갈매보리수나무잎,갈바니 크레마 벨파에제,갈비덧살,갈색둥근바리,갈색띠매물고둥,갈색산그물버섯,갈전갱이,갈졸참나무열매
갈참나무열매,갈퀴나물어린순,갈퀴덩굴,갈퀴덩굴순,갈퀴덩굴어린잎,감곽,감귤분말,감귤유,감람나무열매,감로멜론열매,감복숭,감생이고둥
감성돔,감송향,감수,감식초,감잎,감자 전분,감자덩이줄기,감제풀,감초농축액,감초엑기스,감초페이스트,감태
감태추출물,갑오징어내장,갑오징어뼈,갓끈동부,갓끈동부열매,갓버섯,강남상어,강남죽,강낭콩꼬투리,강낭콩씨,강낭콩추출물,강담돔
강도다리,강력분,강준치,강진향,강활,강황뿌리줄기,개,개가시나무열매,개감채어린잎,개갓냉이,개갓냉이어린순,개강활
개고사리어린잎,개노박덩굴어린순,개다래나무어린순,개다시마,개당주나무열매,개대황어린잎,개덕다리겨울우산버섯,개들쭉열매,개들쭉열매쥬스,개똥쑥어린잎,개량조개,개머루
개면마어린잎,개미나리잎,개미나물,개미취,개미취어린순,개밀,개박하,개버무리잎,개벚나무열매,개별꽃어린잎,개별꽃어린줄기,개병풍
개병풍어린잎,개복치,개볼락,"개불알꽃,CHAMAEDRYS","개불알꽃,GOLDEN",개비름어린잎,개살구나무씨,개상어,개새비나무열매,개서대,개소시랑개비어린줄기,개소시랑개비잎
개솔나물어린순,개암버섯,개암버섯자실체,개양귀비꽃잎,개연꽃,개오동나무,개오미자열매,개정향풀,개조개,개종용어린잎,개지치어린잎,개차즈기어린잎
개피씨,개해당화열매,객주리,갠지스동자개,갯가재,갯고둥,갯기름나물,갯까치수염어린잎,갯농어,갯딱주,갯메꽃어린순,갯방풍연한잎자루
갯버들열매,갯보리,갯실새삼씨,갯쑥부쟁이어린순,갯씀바귀어린순,갯장어,갯질경이잎,갱조개,거나드,거문딸기열매,거미줄종지버섯,거북꼬리어린잎
거북꽃구름버섯,거북복,거북복내장,거북복알,거북송이버섯,거제딸기열매,거지딸기열매,거친껄껄이그물버섯,거피팥,건두부,건자두 농축,건자두추출물
건자두퓌레,건자두퓌레농축,건조가리비,건조갈래곰보,건조감자,건조고등어,건조귀리,건조그물버섯,건조딸기,건조매실,건조메뚜기,건조바나나
건조보리멸,건조부추,건조사탕수수,건조산딸기,건조순무,건조여름세이보리,건조오크라,건조완두콩,건조월계잎,건조은행추출물,건조재스민,건조재스민꽃
건조정어리,건조참돔,건조카피르라임잎,건조코코넛,건조쿠민,건조토마토,건조파프리카,건조패랭이꽃,건조해삼,건조호리박병,건조홍합,건조화살꼴뚜기
건조회향씨,건조후추,건지황,검복,검복내장,검복알,검은 감나무 열매,검은대낙엽버섯,검은덩이버섯,검은딸기열매,검은딸기잎,검은비늘버섯
검은서양송로자실체,검은콩식초,검정가자미,검정깨(흑임자),검정대겨울우산버섯,검정비틀이고둥,검정콩씨,검정통삼치,검팽나무열매,게레치,게르치,게박쥐나물어린순
게발톱버섯,겐티아나뿌리줄기,겨우살이,겨우살이가지,겨우살이버섯,겨울딸기열매,겨울세이보리,겨울우산버섯,겨자,겨자유,겨자잎,견과류 오일
결구상추,겹개벚나무열매,겹푸른구멍장이버섯,계곡산개구리,계단겨우살이버섯,계수나무꽃,계전초,계피껍질오일,계피나무껍질,계피줄기껍질,계피팥,계혈등
고광나무,고광나무어린잎,고구마 전분,고구마덩이뿌리,고구마순,고구마잎,고구마추출물,고다,고들빼기잎,고등가라지,고래고기,고량강뿌리
고렌시,고려엉겅퀴어린순,고려엉겅퀴잎,고려홍어,고로쇠나무수액,고르곤졸라,고리갈색깔때기버섯,고마리어린잎,고무꺽정이,고베규,고본,고본뿌리
고본뿌리줄기,고비,고비뿌리,고비어린잎,고수씨,고올레산해바라기유,고운무늬새조개,고추 페이스트,고추나물어린잎,고추냉이오일,고추냉이줄기,고추농축
곡물식초,곡정초,곤달비어린잎,곤약,곤약뿌리줄기,곤쟁이,곤포,골담초,골담초꽃,골드키위농축액,골든베리열매,골등골나물어린잎
골무꽃,골뱅이추출물,골잎원추리어린잎,골풀,골풀줄기속,곰딸기열매,곰마늘잎,곰보배추,곰보버섯,곰솔잎,곰취,곰취어린잎
곱사연어,곱상어,공버섯,공심채잎,공심채줄기,공작야자,공작야자수액,과라나,과라나열매,과립갓버섯,과일식초,관동화꽃봉오리
관중,관화육종용,광귤,광귤분말,광나무열매,광대나물어린순,광대수염어린순,광동줄새우,광동홍어,광두근,광릉자주방망이버섯,괭이밥
괭이밥어린잎,괭이상어,괴불나무열매,구갈돔,구기자추출물,구라미,구름버섯자실체,구름버섯추출물,구름송이풀어린순,구리빛그물버섯,구리빛무당버섯,구릿대
구멍삿갓조개,구멍쇠미역,구멍주름버섯,구스베리색소,구스베리열매,구슬말,구실우럭,구실잣밤나무열매,구아바,구아바잎,구아이악우드심재,구아콩씨
구약나물,구와가막사리어린순,구와가막사리어린잎,구와취어린순,구운양파,구운토마토,구운파래,구운호박,구운후추,구절초줄기,구주소나무어린순,구즈그라스씨
구척,국경찔레어린잎,국매리복,국수버섯,국자가리비,국화분말,국화조개,군두부,군소,군평선이,굴소스,굴참나무열매
굽은 외대버섯,궁궁이,궁상퉁돔,궐채,귀룽나무,귀박쥐나물어린순,귀상어,귀신그물버섯,귀오징어,귀오징어내장,귀판 복갑,귤낭피버섯
그늘돌쩌귀덩이뿌리,그늘보리뺑이어린잎,그늘취어린잎,그라나 파다노,그라스피열매,그래인오브파라다이스,그래인오브파라다이스씨앗,그로펠로 젠틸레,그롬웰잎,그뤼에르,그리포니아,그릭세이지잎
그릭오레가노,그물눈태평양청어,그물메기,그물버섯아재비,그물버섯자실체,그물베도라치,그물코버섯,극지대구,극지별상어,근대뿌리,금감열매,금강분취어린순
금강제비꽃잎,금강초롱뿌리,금귤주스,금난초어린순,금눈돔,금떡쑥어린순,금불초,금불초꽃,금불초어린잎,금색돔,금색줄매가오리,금시
금앵자,금앵자열매,금어초꽃,금잠초,금채석곡,기누고시두부,기름가자미,기름갈치꼬치,기름골덩이줄기,기름나물어린잎,기름종개,기름치
기린초,기와무당버섯,기와버섯,긴가라지,긴가래나무열매,긴가이석태,긴갈돔,긴고둥,긴꼬리가오리,긴발줄새우,긴병꽃풀어린싹,긴보리수열매
긴뿔민새우,긴잎곰취어린순,긴잎곰취어린잎,긴잎달맞이꽃씨,김플레이크,깃털제비활치,까나리,까리냥,까마귀머루열매,까마귀밥나무어린잎,까마귀쪽나무열매,까마중
까마중어린순,까마중열매,까막바늘까치밥나무열매,까무까무열매,까실쑥부쟁이어린순,까실쑥부쟁이어린잎,까지가자미,까지양태,까치발어린순,까치버섯,까치복,까치복내장
까치복알,까치상어,까치수염어린순,까치횟대,까칠복,까칠복내장,까칠복알,깍지완두,깔대기버섯,깔때기버섯,깔라몬딘오렌지열매,깜장북방대합
깨나물,깨나물어린잎,깨묵,깨묵뿌리,깨알홍어,깨풀,깨풀어린순,꺅도요,꺼끌복,꺽정이,꺽지,껄껄이그물버섯자실체
껄껄이풀어린순,꼬리검정민태,꼬리기름상어,꼬리까치밥나무열매,꼬리돔,꼬리돔연육,꼬리민태,꼬리뽕열매,꼬리조팝나무어린잎,꼬마달재,꼬마민어,꼬시래기
꼬치고기,꼬치삼치,꼭두서니,꼭두서니뿌리,꼭두서니어린잎,꼭지돌배나무열매,꼼치,꽁지양태,꽃 복숭아,꽃갈비,꽃개소겡,꽃박하
꽃벚나무열매,꽃비단그물버섯,꽃새우,꽃송이버섯자실체,꽃이끼,꽃장대어린잎,꽃지누아리,꽃황새냉이어린순,꽃흰목이,꽈리비늘버섯,꾀꼬리그물버섯,꾀꼬리버섯
꾀꼬리버섯자실체,꾀붕장어,꾸리살,꾸지나무,꾸지뽕나무뿌리,꿀풀어린잎,꿩고비어린순,꿩의다리,꿩의다리아재비,끄리오야 치카,끈멍게,끈적긴뿌리버섯
나도냉이어린잎,나도옥잠화어린잎,나란히야,나란히야열매,나란히야페이스트,나랑히야,나래미역취어린잎,나래박쥐나물어린잎,나리잔대뿌리,나무딸기분말,나무토마토열매,나문재
나문재어린순,나비나물,나비나물어린잎,나비나물어린줄기,나생이,나일농어,나일틸라피아,나팔고둥,나팔꽃씨앗,나팔버섯,나한과,나한과추출물
낙타고기,낙타추출물,낙화생유,난쟁이조릿대씨,난쟁이조릿대어린싹,날개다랑어,날개오징어,날개오징어내장,날개쥐치,날개하늘나리비늘줄기,날매퉁이,날쌔기
날치,날치분말,날치알,날치추출물,남가새,남가새열매,남방개열매,남방달고기,남방대구,남방돗돔,남방참다랑어,남산제비꽃어린잎
남초,납작바닥가오리,납작전어,납지리,낭독,낮달맞이씨,내복자씨앗,냉동다시마,냉동리크,냉동메뚜기,냉동증숙애호박,냉초
냉초어린순,너도말불버섯어린자실체,너도방동사니덩이줄기,넌출월귤,넓미역,넓은갓젖버섯,넓은잎갈퀴어린잎,넓은잎갈퀴어린줄기,넓은잎딱총나무열매,넓은잎산사나무열매,넓적창오징어,넛맥
네날가지,네동가리,네스트리움,네이블 오렌지,네줄벤자리,네피텔라,넥타린,노가리,노간주나무,노니,노란 당근,노란구름벚꽃버섯
"노란기나피,기나나무",노란꼬리 각시가자미,노란난버섯,노란띠버섯,노란콩,노란팽나무열매,노랑가오리,노랑가자미,노랑각시서대,노랑끈적버섯,노랑느타리,노랑느타리자실체
노랑돌쩌귀,노랑띠자붉돔,노랑먹물버섯,노랑벤자리,노랑부추비늘줄기,노랑부추어린잎,노랑자리돔,노랑촉수,노랑하늘타리,노래미,노루고기,노루궁뎅이버섯
노루궁뎅이버섯자실체,노루귀,노루귀뿌리,노루오줌,노루오줌어린순,노루털버섯,노바에질란가자미,노블 그레이프,노상잎,노스탈지 뷔셰트 드 셰브르,노티드랙,노티드랙추출물
녹각교,녹각농축,녹각사씨,녹나무,녹다래나무열매,녹두육,녹보리똥나무열매,녹새치,녹신,녹용농축액,녹용분말,녹용엑기스
녹줄돔,녹태,녹피,녹혈,논냉이어린순,논우렁이,놋젓가락나물덩이뿌리,뇌샤텔,누루시볼락,누룩젖버섯,누룩치,누른하늘말나리어린잎
누리장나무,누리장나무어린순,누리장나무어린싹,누에주스,누에콩,누치,눈가자미,눈강달이,눈개비자나무열매,눈개쑥부쟁이어린순,눈까치밥나무열매,눈꽃동충하초
눈다랑어,눈볼대,눈볼락,눈양태,눈잣나무씨,눈퉁멸,눌치볼락,뉴비트잎,뉴트리아,느릅나무껍질,느릅나무어린잎,느릅나무열매
느타리버섯추출물,능성어,님잎,다금바리,다닥냉이,다라엽,다랑어,다래나무어린순,다래순,다래주스,다발방패버섯,다북고추나물어린순
다브,다색벚꽃버섯자실체,다시마가루,다시마농축,다시마오일,다채,다채잎,다청채,다크스위트체리,다투라,닥나무잎,닥풀
닥풀어린잎,단문청새치,단삼,단삼추출물,단수수,단수수줄기,단완두콩,단풍딸기열매,단풍박쥐나무어린잎,단풍취어린잎,단향,단호박가루
달강어,달개비,달걀버섯,달걀연두부,달고기,달단메밀씨앗,달랑게,달맞이꽃씨,달맞이꽃씨추출물,달팽이무당버섯,달팽이분말,닭 다리살
닭발,닭의장풀어린순,담배풀,담북장,담쟁이덩굴열매,담즙,당과,당광나무열매,당귀뿌리분말,당귀뿌리추출물,당귀엑기스,당귀추출고형분
당귤나무,당귤나무꽃,당귤나무열매,당밀,당살초,당아욱,당잔대뿌리,당잔대어린잎,당호박,당호박씨,당호박열매,당회잎나무어린잎
대구분말,대구알,대구오일,대구페이스트,대구횟대,대극,대나물잎,대두어,대두유,대두이석태,대맛조개,대문바리
대백행,대서양꼬마민어,대서양연어,대서양철갑상어,대수리,대안이석태,대왕바리,대추씨,대추야자농축,대추야자열매,대추열매,대추잎
대팻집나무어린잎,대합주스,대황,대황뿌리줄기,댑싸리,댕구알버섯어린자실체,댕댕이나무열매,댕댕이덩굴,더 래핑 카우,더덕식초,더블 크림,덕다리버섯
덕대,던지네스게,덤불쑥어린잎,덤불오리나무열매,덩굴강낭콩씨,덩굴꽃마리어린순,덩굴월귤 농축액,덩굴월귤(크랜베리)색소,덩굴콩,덩굴팥씨,데이빗슨 플럼,데이스
데이지잎,데코폰,델라웨어포도,도가니살,도금양열매,도깨비바늘,도깨비엉겅퀴어린잎,도꼬마리,도꼬마리열매,도다리,도도바리,도두열매
도둑놈의지팡이,도라지모시대뿌리,도라지식초,도루묵,도미,도박,도버 서대기,도버 솔,도인,도코로마,도코로마뿌리줄기,도팡
도화돔,도화망둑,도화새우,도화양태,독가시치,독당근,독돔,독말풀,독미나리,독우산광대버섯,독청버섯아재비,독활
독활어린잎,돌가사리,돌가자미,돌게,돌기해삼,돌단풍어린잎,돌맛조개,돌머루열매,돌묵상어,돌배나무열매,돌부채,돌부채손
돌부채손어린순,돌뽕나무열매,돌외잎,돌참나무열매,돌콩씨,돔부,돗대기새우,동갈돗돔,동갈민어,동갈삼치,동갈양태,동갈치
동갈횟대,동강연치,동결건조 월귤쥬스 농축,동결건조누에분말,동과,동등이석태,동미리,동부,동부씨,동사리,동아씨,동양달팽이
동의나물,동자개,동죽,돛새치,돼지 간,돼지 꼬리,돼지 도가니살,돼지 뒷사태살,돼지 마구리,돼지 보섭살,돼지 신장,돼지 염통
돼지 콩팥,돼지 홍두깨살,돼지가리맛,돼지감자,돼지태반,돼지태반가수분해물,돼지태반분말,돼지태반추출물,돼지태반추출분말,두꺼비독선의 분비물(섬수) 포함,두눈가오리,두루미천남성
두릅추출물,두리안분말,두메담배풀어린잎,두메부추,두메부추어린잎,두메잔대뿌리,두반장,두송열매,두점박이민꽃게,두줄촉수,두충나무잎,두충수피
두충수피추출물,두툽상어,둑중개,둥근금감열매,둥근돌김,둥근바위솔지상부,둥근잎나팔꽃씨앗,둥근잎생강나무어린순,둥근잎천남성,둥근전복,둥글가오리,듀럼밀
듀럼밀분말,듀럼밀씨,드럼스틱,드럼스틱추출분말,드렁허리,드레곤스블러드,들기름,들깻잎추출물,들꽃별,들쭉나무열매,들현호색,등가시치
등갈민태,등갈퀴나물어린순,등골나물,등골나물아재비,등골나물어린잎,등대풀,등목어,등색껄껄이그물버섯,등심덧살,등줄숭어,등칡,등흑점옥두어
딜,딱지꽃,딸기 색소,딸기식초,땃두릅나무,땅가오리,땅나리어린잎,땅빈대,땅송이,땅찌만가닥버섯자실체,땅콩 오일,땅콩버터
땅콩추출물,때죽,떡갈나무열매,떡속소리나무열매,떡쑥어린잎,떡조개,뚝지,뚱딴지,뜰보리수나무열매,뜸부기,띠,띠꽃
띠볼락,띠뿌리,띠추출물,라 갈레트,라 로슈,라 바게트,라 브리크,라두니,라두니씨,라드,라디에타소나무나무껍질,라디치오
라디키오,라보조,라아후나이,라우 람,라이 크로스 팜 마일드 체더,라이 크로스 팜 엑스트라 메이처 체더,라이트 올리브 오일,라임껍질,라임꽃추출물,라클레트,락교꽃,랑삿열매
랑세 샤우르스,램프리,러비지뿌리,러시안철갑상어,러츠 클래식 그뤼예르,러츠 클래식 아펜젤러,러츠 클래식 에멘탈러,러프 블루 치즈 포션스,렁워트,레 러세트 드 마담 로익,레귐,레드라즈베리열매
레드발사믹식초,레드와인식초,레드커런트열매,레드클로버 추출물,레몬 버베나,레몬 서대기,레몬 타임,레몬그라스,레몬그라스줄기,레몬머틀잎,레몬밤,레몬밤분말
레몬밤잎추출분말,레몬버베나,레몬버베나잎,레몬유칼립투스,레몬페이스트,레이디스맨틀잎,렐리시,렘노스 페타 치즈,렘노스 프루츠&크림 치즈,렘노스 할루미,로건베리색소,로메인
로베지,로베지 뿌리 오일,로베지잎,로베지추출물,로얄 프티 카망베르,로열젤리,로제 드 로스코프 양파,로젤라 추출물,로즈애플,로즈우드뿌리,로즈힙,로카마두&카바쿠
로케트꽃,로코토열매,로크포르,록로즈잎,롤라로사,롤라잎,루꼴라,루바르,루바브,루바브잎줄기,루스쿠스아쿨레아투스,루이보스
루쿠마,루타베이가,룬자,룰리니아,류선화,르 루스티크 브리,르 루스티크 카망베르,르 루스티크 쿨로미에,르 몽타냐르 데 보주,르 브랭,르 사팽,르 생 오뱅
르 프티 물레,르바서 드미 퐁 레베크,르블로숑,리마콩,리마콩씨,리바로,리본바닥가오리,리우토근,리즈베스 프티 묑스테르,리치,리치주스,리큐르
림버거,링곤베리,링곤베리 추출물,링귀사,마가린,마가목,마가목열매,마누카 꿀,마늘식초,마늘잎쇠채뿌리,마두령,마디대어린순
마디풀,마디풀어린잎,마론,마룰라열매,마르멜로,마르멜로추출물,마르제미노,마른산그물버섯,마름분말,마름열매,마리골드추출물분말,마마이트
마몬치요,마미사포테,마뿌리줄기,마삭줄,마설가자미,마소치가자미,마쉬 삼피어,마쉬오키드뿌리,마스카포네 치즈,마우리 리코타,마우리 모차렐라,마우리 모차렐라 디 부팔라 캄파나
마우리 본 탈레지오,마우리 스카모르차,마운틴 페퍼베리,마잔제,마저럼,마조람,마죠람,마주잎꾸지나무열매,마지팬,마카다미아,마카다미아견과,마카다미아오일
마카분말,마퀴 농축액,마퀴 추출물,마퀴주스,마타리어린순,마테,마텔잎,마편초,마편초꽃,마편초지상부,마흐왈,막걸리식초
만다린 분말,만다린과육,만다린열매,만두두부,만백유,만새기,만첩백도열매,말굽버섯자실체,말나리어린잎,말똥진흙버섯,말뚝버섯,말라브
말불버섯,말불버섯어린자실체,말새우,말오줌나무어린순,말오줌나무어린잎,말오줌대어린순,말잎,말전복,말쥐치,말채나무,맑은대쑥어린순,맘미
맛술,맛젖버섯,맛조개,망고 멜론,망고스틴추출물,망고종자유,망상어,망치고등어,매가오리,매끈이고둥,매리복,매물고둥
매실나무씨,매실식초,매운 고추 소스,매지방어,매채나물어린잎,매퉁이,매화그늘버섯,매화나무씨앗,맥각균버섯,맥각균핵,맥도딸기열매,맥문동분말
머그워크 오일,머그워크가루,머그워크추출물,머그워트,머루뿌리,머루씨,머루어린순,머루잎,머루주스,머슬,머위,머위대
머위어린잎,머위줄기,머위추출분말,먹물버섯,먹물버섯어린자실체,먹장어,멀구슬나무열매,멀꿀,멀꿀열매,멀레인,멀베리색소,멍덕딸기꽃
멍석딸기열매,멍석딸기즙,메꽃뿌리줄기,메도우스위트꽃,메도우스위트꽃잎,메로,메를루사,메밀가루,메밀어린순,메밀잎,메밀추출물,메이스
메이플시럽,메조,메추라기,멕시칸치아씨,멜로칸나열매,멜론페이스트,멜리사,멥쌀전분,멧도요,멧돼지쓸개,며느리밑씻개어린잎,며느리배꼽어린순
멸가치어린잎,명아주,명어치,명천마(明天麻),모과주스,모람열매,모래밭버섯,모새나무열매,모스카토,모시대뿌리,모시대어린잎,모시풀연한잎
모자반,모첼라코니카,목말채,목별열매,목서,목심살,목이버섯,몬티레이 잭,몰로키아,몰식자,몰트식초,몽크피쉬
묏대추,묘우가,무늬둥굴레뿌리줄기,무늬둥굴레어린잎,무리벚꽃버섯,무리우산버섯,무변색무당버섯,무스롱,무스코탈리,무씨,무이라푸아마,무화과분말
문스터,물개암나무열매,물냉이,물냉이씨,물냉이잎,물레나물어린순,물박달나무 껍질,물밤,물방기뿌리,물상추,물쑥,물쑥/뿌리
물쑥어린순,물양지꽃어린순,물양지꽃어린잎,물장군,물참나무열매,물칭개나물어린순,물푸레나무나무껍질,뭉치사태,뮈스깔델,미국돼지땅콩씨,미국삼잎,미꾸라지
미끈가지,미끈가지말,미나리잎,미나리추출물,미니 베이비벨 오리지널,미라벨 자두,미라클베리,미림,미역분말,미역줄기,미역추출물,미역취
미역취어린순,미인두부,미치광이풀뿌리,미쿠엘즈스파이시윈터그린열매,민꽃다지어린잎,민꾸지나무어린잎,민꾸지나무열매,민마른뿌리버섯,민박쥐나물,민박쥐나물어린순,민보리수나무열매,민솜방망이어린순
민어,민자주방망이버섯,민졸방제비꽃어린순,민지장보살어린순,민해당화열매,민허리돼지고둥,밀나물,밀버섯,밀졸각버섯,밀크씨슬,밀크씨슬씨앗,바나나식초
바나나주스,바나나패션후르츠,바나바열매,바농,바늘까치밥나무열매,바늘버섯,바닐라,바다포도,바디나물어린순,바라문디,바라밀,바라밀씨
바라밀열매,바람등칡,바바코,바오밥나무열매,바위게,바위돌꽃,바위돌꽃추출물,바위떡풀어린순,바위취어린잎,바질씨,바추잎,바추잎 추출물
박고지,박대,박열매,박조가리,박쥐나무어린잎,박하,박하껍질,반 고흐 스모크드 하우다,반대해,반들진달래잎,반디나물어린잎,발 드 바이스 프티 묑스테르 제로메
발랑세,발레리안,발레리안뿌리,발삼애플,발삼애플분말,밤나무속껍질,방가지똥,방가지풀어린잎,방기덩굴성줄기,방망이싸리버섯,방아풀,방어
방울비짜루어린순,방패외대버섯,방풍뿌리,배더락스,배불뚝이 깔때기버섯,배불뚝이깔대기버섯,배식초,배암차즈기,배암차즈기어린잎,배추분말,백굴채,백년초가루
백당나무,백두산떡쑥,백딸기,백리향,백미후추,백미후추열매,백미후추잎,백송씨,백양꽃,백자인,백지,백포도 분말
백포도농축,백포도주스,백포도주스농축액,백합비늘줄기,백합뿌리,백호두나무,백호두나무씨,백화고,백화사설초,뱀 멜론,뱀고사리어린잎,뱀무
뱀무어린순,뱅어,버드장이,버들분취어린순,버들송이,버들잎엉겅퀴어린순,버들회나무어린잎,버지니아목련꽃잎,버포드 브라운 달걀,번초,번행초,번행초잎
벋은씀바귀어린순,벌사상자열매,벌씀바귀어린순,벌집양,범꼬리잎추출물,범꼬리풀,벗풀뿌리,베네딕도초지상부,베라쿠다,베로치,베르가모트꽃,베르가모트오렌지열매
베르가못,베르토 에프와스,베어베리잎,베이,베이리프,베이크트 소시지,베이킹소다,베지터블 매로우,베토니,베티버,벤조인나무,벨 파에제
벨가못트,벨라돈나,벨레릭 미로발란,벨벳메스퀴트,벨벳빈어린순,벨벳빈열매,벵갈고무나무열매,벼룩나물어린순,벼룩이자리어린순,벽오동잎,별꽃어린순,별목련꽃잎
별성대,볏붉은잎,볏짚버섯,병개암나무열매,병꽃풀어린잎,병풀잎,병풀추출,보구치,보구치어육,보라기름눈돔,보라성게,보리멸
보리볏짚버섯,보리새우,보리순,보리어린순,보리지,보말고둥,보스웰리아검레진,보스웰리아추출물,보시나 로비올라,보이젠베리,보이즌베리열매,복딸나무열매
복분자식초,복상어,복섬,복숭아추출물,복토,볶은홍화씨,볼기 살,볼기우럭,볼도 열매,볼도 잎,볼락,볼줄바리
봉독,봉술,봉출,봉출 추출물,봉출뿌리줄기,뵈르블랑,부규,부르생,부르소,부리붉은잎,부세,부시리
부아메라열매,부자,부채덮개살,부채마,부채마뿌리,부채새우,부챗말,부추씨,부추주스,부추추출물,부케가르니,북극 곤들매기
북미산솔송나무(독당근),북방대합,북쪽분홍새우,분말치즈,분취어린순,분홍느타리자실체,불가사리껍질,불등가사리,불룩복,불룩복내장,불룩복알,불범상어
불볼락,불수감,불수귤나무열매,붉감펭,붉나무,붉돔,붉바리,붉벤자리,붉은가라지,붉은대게,붉은맛,붉은멍게
붉은메기,붉은뽕나무,붉은뽕나무열매,붉은산벚꽃버섯,붉은속비단조개,붉은쏨뱅이,붉은이석태,붉은젖버섯,붉은토끼풀,붉퉁돔,붉평치,붓순나무
붕메기,붕장어살,붕장어추출물,브라께토,브라질 구아바,브라질리언체리,브라질페퍼,브레드넛 열매,브레사올라,브레스 블루,브루셀스프라우트잎,브루스
브리 퍼 투아노우,브리미 모차렌린,브리오니아뿌리,브릭,블래더랙,블랙당근주스농축,블랙베리색소,블랙시바스,블랙오레오도리,블랙커런트 종자유,블랙커런트색소,블랙커런트열매
블랙커런트잎,블랙커런트잎눈,블랙커런트퓌레,블랙커민씨,블랙피시,블러드 오렌지,블레이드 메이스,블뢰 드 솔레이스 리크,블루 도베르뉴,블루 드 게스,블루 엘더 베리,블루길
블루마오리,블루베리식초,비누풀,비누풀뿌리추출물,비늘돔,비늘백합,비늘삼치,비늘양태,비단가리비,비단고둥,비단빛깔때기버섯,비단조개
비단풀,비르우르스트,비름어린순,비비추어린잎,비수리어린잎,비술나무,비쑥어린순,비악상어,비자나무열매,비지,비지장,비짜루어린순
비트주스,비파,비파나무 열매,빈랑,빈랑나무열매,빈랑나무열매껍질,빌림비,빌림비열매,빌베리,빌베리농축물,빙어알,빛금눈돔
빛조개,빨간대구,빨간양태,빨간횟대,빨강부치,빨갱이,빨판매가리,빨판상어,빵나무,빵나무열매,뽕나무겨우살이가지,뽕나무겨우살이줄기
뽕나무버섯,뽕나무버섯자실체,뿔가자미,뿔나팔버섯,뿔나팔버섯자실체,뿔돔,뿔물맞이게,뿔아노나,삐뚤이돌조개,사고야자전분,사과식초,사당놀래기
사라수나무열매,사라수오일,사락,사랑놀래기,사르딘,사리풀,사사파릴라,사사파릴라어린순,사사프라스잎,사사프라스잎분말,사사프러스,사상자
사상자열매,사스카툰열매,사슨딸기열매,사워체리농축과즙,사워크림,사원자,사위질빵,사인,사인씨,사자구,사재발쑥,사철느타리자실체
사철쑥,사카린,사탕무,사탕무농축,사탕무뿌리,사탕수수,사탕수수식초,사탕수수즙액,사탕야자수액,사탕옥수수,사포딜라,사포딜라수지
사포트,사향,사향노루,사향초,산겨릅나무,산골취어린순,산누에,산느타리자실체,산두근,산딸기분말,산딸기유,산딸기주스
산딸기페이스트,산딸나무열매,산마늘,산마분말,산모양깔깔새우,산벚나무열매,산복사열매,산부추,산뽕나무열매,산사자,산수유퓌레,산씀바귀뿌리
산앵도 색소,산앵도나무,산앵도나무열매,산옥매열매,산옥잠화어린잎,산우엉뿌리,산자나무,산작약뿌리,산조인추출물분말,산짚신나물어린잎,산천어,산초
산초나무열매,산초나무잎,산총,산톨,산파,산파어린순,산팽나무열매,산호 송어,산호침버섯,살갈퀴덩굴,살구분말,살꺽정이
살라시아,살라크,살살치,살오징어,살오징어내장,살조개,살홍어,삼,삼각살,삼백초,삼백초/뿌리,삼붕냐와
삼붕냐와잎,삼색무늬약모밀,삼씨,삼지구엽초,삼채분말,삼치,삼칠뿌리,삼칠인삼,삼칠인삼추출물,삼칠초,삽주,삽주분말
삽주어린순,삽주주피를 제거한 뿌리줄기,삽주줄기,상박살,상수리,상추 추출물,새가라지,새눈치,새다래,새뱅이,새삼씨,새우난초
새치성게,새콩씨,샌드락,샐러드 버네트,샐서피,샛돔,샛멸,샛줄멸,생 넥테르,생 마르서랭,생 아구르,생 알브레
생 앙드레,생딸브라이,생모레,생모르,생모차렐라,생열귀꽃잎,생지황즙,샤브루,샤오스,샤요트,샤요트열매,샬롯
서던우드,서덜취어린잎,서양산딸기열매,서양산사자,서양수수꽃다리꽃,서양쐐기풀,서양자두열매,서양칠엽수,서울오갈피뿌리,석결명,석곡,석류 추출물
석류차추출액,석모자주새우,석산,석송,석이,석이버섯,석창포,석창포뿌리줄기,선갈퀴잎,선괭이밥어린순,선메꽃어린순,선모뿌리
선어,선줄맨드라미씨,선홍치,설깃머리살,설깃살,설탕단풍수액,섬고추냉이,섬나무딸기열매,섬다래나무열매,섬머 세이보리,섬잔대뿌리,섬초롱꽃잎
성게추출물,성대,세네갈서대,세네갈이석태,세동가리돔,세발낙지,세이터열매,세인트존스워트,세인트존스워트꽃,세잎돌쩌귀덩이뿌리,세잎종덩굴어린잎,세잎종덩굴줄기
세줄볼락,센나,셀러리씨,셀러리악,셀러리악 주스,셀러리주스,셀룰로오스,셀필룸잎,셸 쉬르 셰르,소 뒷사태,소 마구리,소 목심
소 보섭살,소 앞사태,소 염통,소 창자,소 콩팥,소 피,소 홍두깨살,소경불알뿌리,소귀나무열매,소나무추출물,소두구,소두구열매
소럴,소르바,소르빈하,소리쟁이잎,소맥묘,소백채,소산,소송채,소스 밀가루,소엽,소엽맥문동뿌리,소엽씨앗
소이뇽 프로마주 드 셰브르(통나무형),소이뇽 프로마주 드 셰브르(피라미드형),소쿠리조개,소태나무,소합향나무,소혀버섯,소형화꽃,속단분말,속새,속속이풀어린순,속수,속수자
속임금눈돔비늘,손가락조 가루,손바닥선인장열매분말,솔검,솔나물어린순,솔송그물버섯,솔잎식초,솔장다리,솜꼬리토끼,솜대어린순,솜양지꽃뿌리,솜털자갈버섯
송로(松露),송로버섯,송로버섯자실체,송아지 고기,송양나무어린잎,송이버섯분말,송이풀,송이풀어린순,송이풀어린잎,쇄양,쇠귀나물,쇠무릎잎
쇠서나물어린잎,쇠오리,쇼트닝,숌므 르 크레미에,수랑,수리딸기열매,수리취,수리취어린잎,수박주스농축,수박주스분말,수박파우더,수박퓌레
수송나물,수수추출물,수염대구,수영,수영잎,수오바스,수조기,수질,숙근초,숙근초뿌리,순무씨,순비기나무
순비기나무열매,순채,순채어린잎,술잔버섯,숫잔대,쉬코레,쉽싸리,쉽싸리지상부,슈냉블랑,스다치,스밀렉스오피시날리스뿌리,스위트우드라프
스위트체스트넛로즈열매,스위트칼라바쉬과육,스위트펜넬열매,스위티오일,스타애플,스타애플열매,스테비아,스테비아잎,스테비아추출물,스테비오사이드,스트로판투스,스트링빈스
스틸턴,스팅잉네틀,스팅잉네틀어린잎,스팅잉네틀잎,스팅잉네틀주스,스페인감초추출물,스페인라임,스펠트밀씨,스프루스,스피그넬뿌리,스피노숨,스피루리나
스피루리나분말,스피루리나추출물,스피어민트,슬라이스체더,슬로우,승마,승마뿌리줄기,시,시계꽃추출물,시궁배톱치,시금치추출물,시드니 바위 굴
시드르 꿀,시레사 폰탈 치즈,시로미,시로미열매,시무나무어린잎,시베리아살구나무씨,시베리아철갑상어,시아미즈 알지이터,시어버터나무씨,시치미토가라시,시큐컴버,시트론열매
시호,시호뿌리,식용개구리,식용자라,식초,신갈나무열매,신령버섯,신방,신선초,신선초잎,신선초추출,신알광대버섯
신양벚나무열매,신이대잎,신장,실꼬리돔,실꼬리돔페이스트,실말,실새삼씨,실우뭇가사리,실유카꽃잎,실전갱이,실제비쑥어린잎,심장
싱글 크림,싱글톤스 더블 글로스터,싱글톤스 레드 레스터,싱글톤스 마일드 체더,싱글톤스 메이처 체더,싱어,싸리나무,싸리냉이어린순,싸리버섯,쌀가루,쌀겨유,쌀씨
쌍동가리,쌍뿔달재,쏠종개,쏨뱅이,쐐기풀,쑤기미,쑥감팽,쓴맛끈적버섯,쓴박하꽃,쓴박하분말,쓴송이,쓴쑥
씨위드,아가베시럽,아가씨물메기,아광나무열매,아구상어,아귀,아귀간,아그리모니잎,아그리폼 그라나 파다노,아그리폼 아지아고 프레스코,아그리폼 파르미자노 레지아노,아그리폼 페코리노 로마노
아그리폼 프로볼로네,아그발루모,아까시재목버섯,아나르다나,아니스,아단,아단열매,아담스백합,아도니스,아라고네스,아라비아고무나무,아라자열매
아라카차,아랑,아래등심,아로니아농축분말,아로니아주스,아롱사태,아루굴라,아르간열매,아르간열매오일,아르니카,아르니카추출물,아르메니아살구씨
아르헨티나붉은새우,아마란스,아마란스씨앗,아마레나체리,아마메시바,아마씨추출물,아메리칸 헤리티지 내추럴 몬터레이 잭 치즈,아메리칸 헤리티지 내추럴 콜비 치즈,아몬드추출물,아무르산 개구리,아발론,아보카도농축물
아사룸,아사이베리,아사이팜열매,아사푀티다,아선약,아세로라,아세로라농축액,아세로라열매,아세로라펄프,아슈와간다,아스파라거스 스프렌게리,아스파라거스분말
아스파탐,아왜나무,아요완,아욱,아욱잎,아위,아위버섯자실체,아이리쉬 모스,아이브라이트,아이슬란드이끼,아이언워트꽃,아조완
아조완열매,아카라,아카시아나무분말,아키애플,아테모야열매,아티초크,아티초크어린순,아티초크어린잎자루,아티초크어린잎추출물,아티초크주스,아파니조메논 플로스아쿠아,아페리큐브
아펜젤,아프리카 망고열매,아프리칸 스타애플열매,아홉동가리,악상어,안나토가루,알등심살,알락우럭,알례이라스 데 미란델라,알로에베라농축액,알로에베라분말,알로에베라주스
알로에아보레센스분말,알로에파우다,알버섯,알트 센 라클레트,알펜하인 셀렉트 브리,암브레테,암추르,압착홍화(잇꽃)오일,앙고스튜라,앙디브,앙리 위탱 브리,앞다리살
앞사태살,애기괭이눈잎,애기마름열매,애기메꽃어린순,애기무당버섯,애기부들꽃가루,애기부챗말,애기수영,애기수영어린순,애기쉽사리,애기우산나물어린잎,애기월귤
애기풀,애꼬치,애디앤텀,애로루트뿌리줄기,액란,앤디브잎,앵두주스,야낭어린잎,야낭잎추출물,야로,야로꽃,야로잎
야료두씨,야자나무분말,야자유,야콘,약담배,약두부,약모밀추출액,약쑥,약쑥어린잎,약용대황뿌리줄기,약콩,얌뿌리
양구슬냉이씨,양귀비씨유,양미리,양배추농축,양배추농축액,양배추식이섬유,양배추오일,양배추잎,양배추전분,양배추주스,양배추추출물,양배추퓌레
양벚나무열매,양볼락,양신,양지머리,양초선홍치,양춘사씨,양태,양태반분말,양태반추출물,양태추출물,양파가루,양파씨
양파유탕,양하,양하꽃,양하어린잎(순),어간장,어렝놀래기,어름돔,어리병풍어린잎,어린 닭,어린 양고기,어수리,어수리어린잎
억새어린순,언두부,얼간연어,얼갈이배추,얼레지어린잎,얼룩조릿대,얼룩통구멍,얼룩활치,엄나무어린잎,업진안살,엉겅퀴분말,엉겅퀴어린순
엉겅퀴어린잎,엉겅퀴추출물,엉겅퀴추출물분말,에그플란트,에다마메,에담,에리게론,에멘탈,에뮤식용부산물,에뮤오일,에스테르화 유채유,에스테르화 코코넛오일
에일와이프,엑스트라 버진 올리브 오일,엔다이브,엘더베리,엘더플라워,엘레캠패인뿌리,여뀌,여뀌어린잎,여덟동가리,여두열매,여로,여름느타리자실체
여름밀감,여름세이보리,여름송로,여섯갈래민꽃게,여을멸,여정실,여지,연기색만가닥버섯,연리초,연무자리돔,연보라무당버섯,연어병치
연어분말,연어사리,연유,연화바위솔지,열동가리돔,열빙어,열쌍동가리,열처리앨더베리열매,염교,염토마토,엿기름,영귤
영상가이석태,영아자,영지버섯포자,예덕나무,예토스트,오가나무어린순,오가피가지의껍질,오가피분말,오가피뿌리,오동나무,오두,오디식초
오레가노,오르가닉 밸리 모차렐라 치즈,오리나무,오리나무더부살이,오리스뿌리,오리알,오미자식초,오배자,오분자기,오수유죽,오이버섯,오이풀어린잎
오일,오일팜씨,오죽죽순,오징어먹물,오카무라큰실말,오코시,오크라,오크라꽃,오크리프잎,오타헤이트구즈베리,오타헤이트구즈베리열매,오타헤이트구즈베리잎
오트밀,오파,옥덩굴,옥두놀래기,옥두어,옥수수 전분,옥수수기름,옥수수맥아,옥수수배아유,옥수수수염,옥수수식초,옥쌀
올레오레진 딜씨드,올레오레진 바씰,올레오레진 세이지,올레오레진 셀러리,올레오레진 시나몬,올레오레진 아니스,올레오레진 안젤리카씨드,올레오레진 카시아,올레오레진 칼더먼(소두구),올레오레진 캐러웨이,올레오레진 코리엔더,올레오레진 쿠민
올레오레진 쿠벱,올레오레진 타라곤,올레오레진 타임,올레오레진 펜넬,올레오레진 화이트페퍼,올리브가루,올방개,올방개덩이줄기,올방개묵,올벚나무열매,올스파이스,옹굿나물
옹굿나물어린순,와사비,와일드라이스,와일드안젤리카뿌리,왈귤,왈라고메기,왐피,왕가래나무열매,왕고들빼기어린잎,왕귤,왕그물버섯자실체,왕느릅나무잎
왕달팽이,왕대죽순,왕둥굴레뿌리줄기,왕머루 열매,왕백산차잎,왕벚나무씨,왕송이자실체,왕연어,왕우럭조개,왕지네,왕질경이어린잎,왕초피나무씨
왕초피나무잎,왕팽나무열매,왜당귀어린순,왜솜다리어린순,왜우산풀,왜주둥치,외대으아리어린잎,요힘베껍질,용가자미,용뇌가지,용뇌향나무,용담잎
용둥굴레뿌리줄기,용서대,용설란수액,용안,용안육헛씨껍질,용안추출물,용안향,용안헛씨껍질,용인복사열매,용치놀래기,우각바리,우니 몰리내
우니 몰리내 농축액,우니 몰리내 추출물,우둔살,우드애플열매,우럭,우럭볼락,우르드,우무,우뭇가사리,우뭇가사리분말,우뭇가사리추출물,우바 디 트로이아
우방자,우산나물어린잎,우산낙엽버섯,우산버섯,우설,우스터 소스,우엉씨,우엉추출물,우조우자 잎,욱리인,운향풀,울금분말
울리씨슬,울콩,울타리콩,움파,웅담,웅어,원두커피추출액,원잠아,원지추출물,월계수분,월계수열매,월계수열매추출물
월과,월과열매,월귤나무열매,월귤나무열매주스농축액,월남괴뿌리,월도,월하향,웬즐리데일,위고둥,윈터 스위트,윗등심,윙드빈
유근피분말,유도,유럽밤,유럽밤나무열매,유럽피나무꽃,유럽피나무나무껍질,유럽피나무잎,유바,유부,유자과육,유자껍질,유자식초
유자씨,유자주스,유자주스농축,유지,유차나무씨,유채경화유,유채유,유채줄기,유카,유카뿌리,유카조슈아트리농축,유카추출물분말
유칼립투스속,유칼립투스오일,유큐마,유탕파,유탕호밀,유향,유향나무수지,육계나무어린가지,육색줄바리,육종용,율무추출물,으름
으름덩굴열매,은대구,은띠복,은띠색줄멸,은민대구,은밀복,은밀복내장,은밀복알,은분취어린순,은붕장어,은빛쓴맛그물버섯,은빛쓴맛그물버섯자실체
은상어,은어,은연어,은장어,은줄멸,은행게,은행추출물,음나무뿌리,음나무어린잎,음나무줄기,이고들빼기어린잎,이고르 고르곤졸라 크레모소
이고르 고르곤졸라 피칸테,이대잎,이대죽순,이삭바꽃덩이뿌리,이스라지나무열매,이스라지열매,이엽우피소,이즈니 생 메르 카망베르,이즈니 생 메르 퐁 레베크,이질풀어린잎,이집트콩,이집트콩 분말
이집트콩씨,익모초분말,익지 추출분말,익지열매,인도보리수열매,인도사목,인도쾌버섯,인디안구스베리추출물,인디언구스베리,인디언구스베리 분말,인디언구스베리열매,인디언구스베리추출물
인디언베이리프,인디언베이리프나무껍질,인디언베이리프잎,인디언사사파릴라잎,인삼뿌리분말,인삼뿌리추출물,인삼뿌리페이스트,인삼조직배양삼,인삼주스,인삼줄기,인삼줄기농축,인상어
일 드 프랑스 르 브리,일 드 프랑스 카망베르 크레뫼,일라와라 플럼,일리페오일,일본자두,일본호손열매,임모텔,임연수어,입사향초잎,입상 콩단백,입술무늬갑오징어,잉어내장
잉카피넛,잉카피넛열매,잎갈나무,잎파래,자고새,자귀나무,자귀풀 잎,자기,자네티 마스카르포네,자두농축,자두주스,자두주스농축물
자두추출물,자두페이스트,자두퓌레,자라,자라고기,자라고기추출물,자라알분말,자몽농축,자몽분말,자몽주스분말,자몽추출분말,자몽펙틴
자바리,자바투메릭뿌리,자바투메릭추출물,자바플럼열매,자보티카바,자보티카바열매,자보티카바퓌레,자붉돔,자색고구마,자색고구마식초,자색당근주스,자색뿔돔
자운영어린순,자이언트블래더켈프,자이언트블래더켈프줄기,자작나무추출물,자주개자리,자주개자리농축물,자주개자리분말,자주개자리씨,자주개자리주스농축,자주개자리주스분말,자주개자리추출분말,자주복
자주복내장,자주복알,작은사위질빵,작은잎라임꽃,작은황새풀,작은흑조기,잔개자리,잔대,잔대뿌리,잔대싹,잔대어린순,잔더
잔디배꼽버섯,잠두,잠두씨,잣버섯,장갱이,장구밤나무열매,장구채,장구채어린잎,장구채줄기,장군풀,장대나물,장대나물어린순
장대나물어린잎,장두부,장딸기열매,장문볼락,장미혀버섯,장성베도라치,장수기름가자미,장수꽃,장수팽나무열매,장식솔버섯,장엽대황뿌리줄기,장엽복분자열매
장유우,장지,재거리,재먹물버섯,재먹물버섯어린자실체,재쑥,재쑥어린잎,재치조개,잭푸르트,잿방어,잿빛만가닥버섯,저령
저령균핵,저령뿌리,저백피,저지 셜롯,적갈색끈적버섯,적겨자,적돔,적로메인상추,적로메인상추잎,적양배추주스,적어,적작약뿌리
적하수오분말,적환이십일무,전갱이,전갱이추출물,전나무오일,전두부,전립분,전복느타리버섯,전복느타리자실체,전어추출물,전칠삼뿌리,전호
전호어린잎,절구버섯,절국대,절임갓,점가자미,점감펭,점강펭,점나도나물어린순,점나도나물어린잎,점넙치,점농어,점다랑어
점동갈돔,점무늬암치,점민어,점박이꽃게,점양쥐돔,점줄우럭,점촉수,접시껄껄이그물버섯,정금나무열매,정어리분말,정영엉겅퀴어린순,정향
정향꽃봉오리,정향꽃봉오리분말,정향나무꽃봉오리,정향나무잎,정향농축물,정향잎,정향추출물,정향풀,젖버섯,젖버섯아재비,젖비단그물버섯,제라니움 오일
제라드 셀렉숑 블루 두,제라몽 크레믹 뷜치히,제르맹 랑그르,제르미 프리미엄 룰레트,제링씨,제비쑥,제비쑥어린순,제비콩,제비콩씨앗,제조,제주조릿대,제주조릿대어린순
제주찔레어린잎,제충국,젤라틴(닭),젤라틴(돼지),젤라틴(소),젤루통,조각매물고둥,조각보리멸,조니퉁돔,조름나물,조밥나물어린순,조뱅이
조뱅이어린순,조제마늘분말,조청,조추출물,조피볼락,족도리풀,족도리풀뿌리,족제비눈물버섯,졸각무당버섯,졸각버섯,졸복내장,졸복알
졸참나무열매,좀깨잎나무 어린잎,좀말똥버섯,좀말불버섯,좀말불버섯어린자실체,좀목이,좀벌집구멍장이버섯,좀볼락,좀부들꽃가루,좀비비추어린순,좀찔레어린순,좀풍게나무열매
좀황금비단그물버섯,좁쌀무늬고둥,좁쌀풀어린순,좁쌀풀어린잎분말,좁쌀풀어린잎추출물,좁은잎백산차잎,좁은잎보리장나무열매,좁은잎산사나무,좁은잎엉겅퀴어린순,좁은잎천선과나무열매,종대우럭,종주둥치
주걱비비추어린순,주걱치,주니퍼베리,주둥가자미,주둥치,주름버섯,주목추출물,주엽나무어린순,주키니,죽대뿌리줄기,죽력,죽순대죽순
죽합,준치,줄 줄기,줄가자미,줄갈돔,줄기상추,줄노래미,줄도화돔,줄딸기열매,줄맨드라미씨,줄무늬고등어,줄민태
줄벤자리,줄비늘치,줄삼치,줄전갱이,줄풀,줄풀씨앗,중국 마름열매,중나리어린순,중마황,쥐노래미,쥐다래열매,쥐돔
쥐방울덩굴,쥐복,쥐복알,쥐오줌풀,쥐오줌풀뿌리,쥐오줌풀추출물,쥐치뼈,지느러미엉겅퀴어린잎,지느러미엉겅퀴줄기,지리강활,지리바꽃덩이뿌리,지방
지브라타일돔,지지포라 페디셀라타,지채 어린잎,지치뿌리,지황,지황뿌리,진교,진교뿌리,진두발,진득찰어린순,진들도라지,진범뿌리
진주담치,진주조개,진판델,진피추출물,진홍퉁돔,진흙끈적버섯,질경이분말,질경이씨껍질,질경이택사덩이줄기,집장,징거미새우,짚신나물
짚신나물어린잎,짱뚱어,쭈굴감펭,찐멥쌀분말,차가버섯농축액,차가버섯분말,차나무꽃,차양끈적버섯,차이브,차전자피,차전자피분말,차조기/잎
차풀,차풀추출물,찰가자미,찰현미가루,참가자미,참갈비,참갈파래,참개구리,참개암나무열매,참게,참굴,참김
참꼴뚜기,참나래박쥐나물어린잎,참나래박쥐어린잎,참나물,참느릅나무나무껍질,참마자,참바위취잎,참방동사니,참버섯,참복,참복알,참부채버섯
참붕어,참비비추어린순,참산부추,참서대,참서덜취어린순,참소리쟁이잎,참싸리,참쑥어린순,참여로,참외페이스트,참으아리뿌리,참작약뿌리
참죽나무,참죽나무어린순,참죽나무어린잎,참치방어,참풀가사리,찹쌀떡버섯어린자실체,찹쌀추출물,창꼬치,창오징어,창오징어내장,창자파래,창질경이
창질경이어린잎,창질경이잎,창출,창출뿌리줄기,창출추출액,창포뿌리추출물,채두,채종유,채퍼랠,챠빌,챠빌뿌리,챠빌잎
처녀바디어린잎,처녀버섯,처녑,처빌,처진개벚나무열매,천남성,천도딸기열매,천도복숭아추출물,천마추출물,천마혼합분말,천문동,천문동덩이뿌리
천선과나무열매,"천연착향료(Savory, summer)","천연착향료(Savory, winter)",천일담배풀어린순,첨과(甛瓜),첨차,첨차잎,첨차추출물,첨차추출분말,첨치가자미,청대구,청돔
청둥호박,청머루무당버섯,청멍석딸기열매,청멸,청미래덩굴어린순,청보리멸,청상아리,청새리상어,청새우,청새치,청색꽃게,청실배열매
청어,청어유,청어추출물,청어훈제분말,청자고둥,청전류어린잎,청졸갈참나무열매,청차조,청포묵,청황돔,청회볼락,체더
체리모야,체리월계잎,체사네제,체셔,체커베리,체커베리열매,초,초고버섯,초두구,초록 제비콩,초록입 홍합,초석잠뿌리
초어,초오덩이뿌리,초종용,초피나무,총알고둥,추사어름돔,춘장,취,취나물,층거리가자미,층층갈고리둥굴레뿌리,층층둥굴레뿌리줄기
층층이꽃어린순,치마버섯,치마양지,치아씨,치자나무,치자나무분말,치크콩,치킨파우더,칠레전복,칠리씨드오일,칠면조,칠면초어린순
칠보개물통이어린잎,칠색동가리,칠서대,칠선동갈돔,칠성갈치,칠성장어,칠엽수,침향,카나리아돔,카니스텔,카니스텔열매,카다몬
카더몬,카디날피쉬,카란다열매,카랄루마,카르다몬,카르둔,카르둔어린순,카르타게나토근뿌리,카리냐노,카망베르 뒤 샤누안느,카망베르 퍼 투아노우,카무카무 추출물
카무카무추출분말,카무카무퓌레,카무트씨,카바카바,카브리두,카사리프,카사바,카사바나나열매,카사바덩이뿌리,카세이유,카스카라사그라다,카우슬립꽃
카이엔페퍼,카제푸트,카카두플럼열매,카카두플럼파우더,카테츄,카틀라잉어,카퍼어린순,카프리스 데 디외,카피르라임,칸타브리아 보케로네,칸토렐 블루 도베르뉴,칼고기
칼라만시,칼상어,칼솟,칼조개,캄파네트 미몰레트 프랑세즈,캉탈,캐라웨이,캐러웨이,캐롤라이나 자스민,캐롭,캐롭열매,캐모마일 오일
캐모마일꽃분말,캐모마일꽃추출물,캐모마일분말,캐모마일잎,캐비어,캐슈,캐슈 애플,캐슈꽃줄기,캐슈너트페이스트,캐슈분말,캐슈오일,캘리포니아 블랙베리과일
캣츠클로,캥거루식용부산물,커런트,커런트열매,커리플랜트,커리플랜트잎,커스터드애플,커스터드애플열매,컴프리,컵클러버,케이퍼순,케이프구즈베리
케일주스,켈프,코끼리 귀 고기,코끼리 마늘,코끼리말징버섯,코끼리조개,코드아이스피쉬,코르크질(층),코스트마리,코카잎,코코 드 메르,코코넛 꽃액즙 추출물
코코넛 크림,코코넛게,코코넛농축,코코아추출물,코코플럼,코쿠잎,코큐라 퀘소 만체고,코티지,코호,코호키다케,콕스 오렌지 피핀,콘두란고
콘민트,콘민트잎,콜라나무열매,콜라나무열매추출물,콜라나무오일,콜라나무추출물,콜라드,콜라드 잎,콜레우스 포스콜리,콜레우스 포스콜리뿌리,콜리우르 앤초비,콤쿠아트
콩 기름,콩깍지고둥,콩나물애주름버섯,콩묵,콩배나무열매,콩제비꽃어린순,콩코드포도주스,콩콩브르,콩피,콰시아,콰시아추출물,쾨르 드 리옹 프티 카망베르
쿠라레,쿠민,쿠민씨,쿠민오일,쿠스쿠스,쿠쿠이나무,쿠푸아수,쿨란트로,쿨란트로잎,쿨란트로줄기,쿨로미에,퀴노아 가루
퀸스분말,큐벱페퍼,큐벱페퍼열매,크램 박,크랩애플,크레송,크레이피시,크레타박하,크레피스,크로탱 드 샤비뇰,크릴 페이스트,크릴새우오일
큰 비단 그물버섯,큰가시고기,큰갓버섯,큰개별꽃어린순,큰구슬우렁이,큰까치수염어린순,큰까치수염어린잎,큰꼬치고기,큰꽃삽주뿌리,큰꽃으아리뿌리,큰노랑꽃자리풀,큰노랑꽃자리풀씨
큰노랑꽃자리풀열매,큰노랑꽃자리풀잎,큰논우렁,큰눈돔,큰눈물버섯,큰느타리자실체,큰달맞이꽃 씨,큰도꼬마리어린순,큰마개버섯,큰매화노루발,큰매화노루발추출물,큰메꽃뿌리
큰메꽃어린순,큰멸치,큰물칭개나물어린순,큰뱀무어린순,큰보리장나무열매,큰비단그물버섯,큰서대,큰솔나리비늘줄기,큰쌀귀리씨,큰애기나리어린잎,큰앵초어린순,큰얼룩통구멍
큰엉겅퀴어린순,큰원추리어린잎,큰위령선어린순,큰위령선어린잎,큰은대구,큰입선농어,큰잎부들꽃가루,큰잎용담뿌리,큰전나무버섯,큰전나무버섯자실체,큰점나도나물어린순,큰조아재비
큰징거미새우,큰참나물어린순,큰참나물어린잎,큰행달조개,큰황새냉이어린잎,클라베르,클라우드베리,클라우드베리열매,클래식 버라이틀,클레리잎,클레멘타인,클로델 브리
클로델 카망베르,클로렐라,클로렐라추출농축,클로버분말,클로브,키나나무,키나나무껍질,키다리곰보버섯,키다리끈적버섯,키리,키위분말,키위추출물
타라,타라곤,타라곤꽃,타라곤분말,타라곤오일,타라곤잎,타라곤잎추출물,타락치,타로,타마린드,타마린드열매,타마릴로
타바스코,타우마틴,타이어트랙일,타임,타임분말,타임오일,타임잎,타임추출물,타조식용부산물,타프나드,타피오카 전분,타피오카분말
타히니,타히보껍질,타히티라임열매,탁자볼락,탈린 킬루드,태평양연어,택사,택사덩이줄기,택사추출물,탱자추출분말,터닙,터리풀
터리풀어린잎,터메릭,터봇,터키쉬오레가노,터키쉬오레가노잎,턱받이금버섯,털가막살나무가지,털가막살나무잎,털노박덩굴어린순,털노박덩굴종자유,털도깨비바늘잎,털목이버섯
털민들레,털별꽃아재비,털부처꽃어린순,털산사열매,털생강나무어린순,털수배기,털여귀어린잎,털여뀌열매,털음나무어린잎,털잔대뿌리,털잔대연한잎,털장대어린순
털진득찰어린잎,털질경이어린잎,털찔레어린순,털큰앵초어린잎,털탑고둥,테라시,테코마 스탠스뿌리,테트 드 무안,텔린 드 카마르그,토근,토란분말,토란주스
토르멘틸,토마토 퓌레,토마토식초,토마토하인드,토마티요,토사자,토사자씨앗,토헤로아,톨로사 콩,톱날꽃게,톱니겨우살이버섯,톱야자
톱잔대뿌리,톱풀어린순,통밀겨,통밀전분,통위드,통의바리,통초줄기,통치,통카콩,통캇알리,투루,투메릭
투박조개,투어바리,퉁둥굴레뿌리,퉁둥굴레어린잎,퉁퉁마디분말,트라가칸타 수액,트롱페트더라모르,트리티케일씨,티즐 고어드과육,틸라피아,틸지트,팀블베리색소
파극천,파두씨,파드득나물,파라다이스넛,파라다이스숭어,파란콩,파랑제왕갈돔,파래추출물,파로씨,파르메산,파마이석태,파베 다피누아 플레지르
파상땅해파리,파스닙,파스닙농축액,파슬리농축,파슬리농축액,파슬리잎분말,파인애플식초,파인애플추출물,파카,파카야,파쿠,파키라열매
파타고니아이빨고기,파파야농축,파피 씨드씨앗(가열처리한 것에 한함),팍쵸유,판다누스잎,판단 잎,판단잎추출물,판세타,팔각,팔각향어린잎,팔각회향,팔각회향분말
팔랑개비국화 추출물,팔손이분홍치,팜열매,팜유,팥가루,팥식초,패모,패션프루트(PASSIONFRUIT)가루,패션후르츠,팽나무버섯,팽나무열매,팽이버섯추출물
퍼시픽 블루아이,퍼시픽도리,퍼치,펄닭새우,펄조개,페널,페니로얄,페니로얄잎,페르시아 호두나무견과,페쉬 드 비뉴,페스큐,페스토
페이장 브레통 르 브리,페이장 브레통 르 카망베르,페이죠아,페이죠아열매,페코리노 로마노,페타,페퍼트리,페페로니,펜넬,펜두상어,편두,평삼치
평원비단그물버섯,포공영,포도무당버섯,포도씨유,포도찌꺼기,포르 뒤 살뤼,포마토무스 살타트릭스,포케 마르왈,포케우드,포트마리골드,포트마리골드꽃,포포
포플러,포피,폰즈,폴 에피,퐁 레비큐,표고버섯자실체추출물,표범상어,푸넬 챈테렐,푸렁통구멍,푸른끈적버섯,푸아그라,푸조나무열매
푼지나무어린잎,풀가라지,풀고사리어린순,풀넙치,풀라산,풀망둑,풀미역치,풀버섯자실체,풀솜나물어린잎,풀잉어,풍선군소,풍선끈적버섯
퓨어 올리브 오일,퓨질리어,프랑스 해안송나무껍질,프레지던트 브리,프레지던트 프티 브리,프로볼로네,프로슈토,프로테아제(곰팡이성:SAP),프리미티보,프리카,프리코 오리지널 에담 마일드,프리코 오리지널 하우다 마일드
프리코 올드 더치 마스터,플랫레몬,플랫레몬열매,피,피나무꽃,피나무잎,피나물,피라미,피렌체 회향,피마자,피마자씨,피마자어린잎
피마자추출물,피망분말,피문어,피버퓨,피뿔고둥,피스타치오분말,피스투,피시 소시지,피씨,피에 당글 로이,피잎,피젼피
피젼피씨앗,피조아,피콴테 고추,피타야열매,피탕가,필리너트,필리너트어린싹,필리핀레몬열매,필리핀오렌지열매,필립흙무굴치,필발,필발열매
핑거루트뿌리,하국,하늘색깔대기버섯,하늘타리,하리사,하말씨앗,하바네로분말,하바티,하수오씨,하스돔,하이센장,하이시안장
하프물범,하프물범오일농축,하프물범유,하프물범추출물,학꽁치,한라봉주스,한라부추,한련,한련잎,한련초,한련초잎,한벌홍감펭
한볼락,한삼덩굴어린순,한속단뿌리,한줄퓨실리아,한천,한치꼴뚜기,한치꼴뚜기내장,할라파,할미밀망,"함수초,감응초",합개,해고어린싹
해구신,해덕대구,해마,해바라기씨유,해바라기씨추출물,해바라기인,해변노박덩굴어린순,해변노박덩굴종자유,해삼추출물,해장죽죽순,해총,해표초
해홍나물어린순,핵꼬치,행달조개,행락상어,행인씨,향가피,향기제비꽃꽃,향나물,향버섯,향부자,향부자뿌리줄기,향수비자나무
향유,향유어린순,향유어린잎,향피수,허니부쉬(HONEYBUSH),허니부쉬잎,허브식초,허브와 향신료,허클베리색소,헤더,헬릭스포마티아,현미시럽고형분
현미식초,현삼,현호색,혈갈,혓바늘목이,형개,형개꽃대,호로파,호로파씨,호리버베인잎,호미카씨,호밀
호밀가루,호밀씨,호박고구마,호박돔,호박씨분말,호박씨추출물,호박주스농축,호스래디쉬 뿌리,호스래디시,호장근어린줄기,호코테,호프 추출물
호프어린순,호황련,혹난초,홀리바질,홀리바질잎,홉 줄기,홍가자미,홍감펭,홍경천,홍국,홍다리얼룩새우,홍대실꼬리돔
홍대치,홍두씨앗,홍민어,홍바리,홍살치,홍삼식초,홍서대,홍설차,홍송어,홍연어,홍정지호버섯,홍줄고둥
홍창,홍초,홍치,홍콩백합꽃잎,홍콩백합비늘줄기,홍합농축액,홍합추출분말,홍화분말,홍화어린잎,홍화오일,홍화유,홍화잎
홍화추출물,홍화추출분말,화분,화살꼴뚜기,화살꼴뚜기내장,화살나무귀전우,화살나무어린잎,화살나무잎,화살치가자미,화이트 데드네틀잎,화이트발사믹식초,화이트와인식초
화이트페퍼열매,환도상어,활량나물,활량나물어린순,황갈낭피버섯,황강달이,황국,황금,황금리브민어,황금목이,황금무당버섯,황금뿔나팔버섯
황기싹,황기잎 추출물,황놀래기,황다랑어,황다랑어오일,황돔,황련뿌리줄기,황련초,황매퉁이,황벽나무껍질,황복,황복내장
황복알,황볼락,황새냉이뿌리,황새냉이어린순,황새치,황소개구리분말,황소끈적버섯,황소비단그물버섯,황아귀,황어,황여우시에,황연목어린잎
황옥돔,황장,황적퉁돔,황점복,황정,황정/뿌리,황조어,황줄깜정이,황줄돔,황칠나무,황칠나무잎,황태채
황해볼락,회잎나무어린잎,회초리꼬리민태,회향열매,회향오일,회향잎,회향죽,회향줄기,회향추출물,회화나무,회화나무열매,회화나무열매 추출물
효모,후두균버섯,후디아 고도니,후무스,후박,후박나무,훅셀레베,훈제연어분말,훈제치즈,흉기흑점바리,흐르레기,흑갈색무당버섯
흑갈치꼬치,흑기흉상어,흑난초,흑대기,흑돔,흑미식초,흑밀복,흑반송꽃가루,흑반송나무껍질,흑삼릉,흑설탕,흑임자
흑점갈전갱이,흑점날가지,흑점메기,흑점줄전갱이,흑조기,흑종초,흑종초씨,흑종호박열매,흑초,흑태,흑호두나무견과,흙무굴치
희렴어린잎,흰 서양송로자실체,흰가솔송잎,흰가시엉겅퀴어린순,흰가오리,흰각시취어린잎,흰갈퀴나물어린순,흰강남콩 추출물,흰강낭콩추출물,흰갯장구채어린잎,흰갯장구채줄기,흰굴뚝버섯
흰꼭지성게,흰꼴뚜기,흰꼴뚜기내장,흰꾀꼬리버섯,흰꿀풀어린순,흰다리새우,흰독말풀,흰땃딸기열매,흰모싯대뿌리,흰모싯대어린잎,흰목이,흰목이버섯
흰목이자실체,흰무늬엉겅퀴씨,흰무늬엉겅퀴잎,흰무당버섯아재비,흰배환도상어,흰버드나무,흰베도라치,흰분말낭피버섯,흰삿갓깔대기버섯,흰생열귀나무,흰서양송로,흰송이
흰우단버섯,흰잎고려엉겅퀴어린잎,흰점복,흰후추오일,흰후추추출물,히까마덩이뿌리,히메치,히비스커스분말,히비스커스추출물,히비스커스추출물분말,히비스커스추출분말,히비커스꽃 분말
히섭,히솝,히솝꽃,히솝잎,히솝잎분말,히솝추출물,히코리,힐사,(소)양,Adelomelon ancilla,Atlantic mackerel,BRINJAL
Black Haw,Bog Cranberry열매,Brown tiger prawn,COMMON MULLEIN LEAVES,CRATAEGUS LAEVIGATA,California nutmeg씨,Capulin열매,Catuaba,Chaste Tree열매,Chinese nutmeg tree씨,Cocona열매,Codonopsis ovata
Common speedwell잎,Corn salad,Cornelian cherry열매,Costa Rican Guava열매,Country Mallow,Crataegus sanguinea열매,Curled Mint잎,Curry-Leaf Tree잎,Damiana잎,Dartres,Darwin Black Wattle씨,Devil's claw
Devil's horsewhip,Du Huo,Dwarf Barbados Cherry열매,East Indian Walnut씨,Echinacea Angustifolia뿌리추출물,Echinacea Purpurea잎추출물,European buckthorn,FIELD ERYNGO,Galanga,Galanga Galangal열매,Gallito,Garra잉어
Gelsemin,Genipap열매,Ghaf나무껍질,Giant Granadilla열매,Golden crab,Golden pomfret,Grass Jelly,Ground nut덩이줄기,Guaba꽃꿀,Guaba열매,"HORSERADISH-TREE(BEN-OIL TREE, DRUMSTICK-TREE)/열매(씨앗)",Heather꽃줄기
Heather어린싹,Indian Bedellium Gum resin,Indian volute,Inga cipo 씨,Java Apple,Kei Apple열매,Ketembilla열매,Kiwano열매,Kokum,Leadtree,Lesser periwinkle,Low-running blackberry열매
Lupins,MEXICAN HUSK TOMATO,MUCUNUWENNA,Madu,Malay Apple열매,Malea ringens,Mamoncillo씨,Mamoncillo열매,Maqui열매,Matrimony vine열매,Mauritius raspberry열매,Mercenaria mercenaria
Mexican Husk Tomato열매,Motherwort,Mountain ash,Mucunuwenna잎,Nance열매,Northern bayberry잎,Pacific Serviceberry열매,Peyote,Phalsa열매,Polpala잎,Psyllium,Psyllium씨껍질
RED CABBAGE EXTRACT,Red endeavour prawn,Rough pigweed,SILVERWEED,Santol열매,Sarsaparilla,Seaside Alder나무껍질,Sinum undulatum,Slippery elm,Squaw vine,Star reindeer lichen,Strophanthus
Suma,Swamp blueberry,Sweet Granadilla열매,Sweet Lime열매,Tanner's cassia,Tench,Tormentil뿌리,Trophon,Typycha kuratu잎,Vacha메기,Valerian뿌리,WAMPEE
Wampee열매,Water Lemon열매,Weakfish,Western king prawn,White Sapote열매,White piddock,Wild Custard Apple,Wild leek잎,Wild yam,Wisteria열매,Wood Betony,Wuchang bream
Yellow Bedstraw잎,Yellowsnout large-eye bream,Zanthoxylum bungeanum열매,geiger tree,green laver,mundi잎,pejibaye수액,pejibaye열매,strawberry guave열매,sugar pea,tea oil plant씨,wild endive
wild triga씨
